path	pages	pdf_title	pdf_author	pdf_subject	size_bytes	creator	file_title	file_author	
04-Recursos/livros/A arte de dar feedback (Um guia acima da média - HBR) - Motive sua equipe. Melhore a comunicação. Estabeleça objetivos claros. - Autor (Harvard Business Review).pdf	168	A arte de dar feedback (Um guia acima da média - HBR) 	Harvard Business Review 		1712652	calibre 3.46.0 [https://calibre-ebook.com]	A arte de dar feedback (Um guia acima da média - HBR) - Motive sua equipe. Melhore a comunicação. Estabeleça objetivos claros.	Harvard Business Review
04-Recursos/livros/A jornada do empreendedor - O herói da nossa Era - Autor (Casa do Código).pdf	229				9396280		A jornada do empreendedor - O herói da nossa Era	Casa do Código
04-Recursos/livros/A Regra é Não Ter Regras - A Netflix e a Cultura da Reinvenção - Autor (Reed Hastings).pdf	259	A Regra é não ter Regras 	Reed Hastings e Erin Meyer 		2520865	calibre 3.12.0 [https://calibre-ebook.com]	A Regra é Não Ter Regras - A Netflix e a Cultura da Reinvenção	Reed Hastings
04-Recursos/livros/A Startup Enxuta - Autor (Eric Ries).pdf	210	A Startup Enxuta 	Eric Ries 		1713785	calibre 2.20.0 [http://calibre-ebook.com]	A Startup Enxuta	Eric Ries
04-Recursos/livros/A Web Mobile - Programe para um Mundo de Muitos Dispositivos - Autor (Casa do Código).pdf	220				4558905		A Web Mobile - Programe para um Mundo de Muitos Dispositivos	Casa do Código
04-Recursos/livros/Agile - Desenvolvimento de Software com Entregas Frequentes e Foco no Valor de Negócio - Autor (Casa do Código).pdf	162				2052729		Agile - Desenvolvimento de Software com Entregas Frequentes e Foco no Valor de Negócio	Casa do Código
04-Recursos/livros/Agile Estimating and Planning - Autor (Mike Cohn).pdf	312	AEP2.book 	Mike 		2246034	FrameMaker 7.0	Agile Estimating and Planning	Mike Cohn
04-Recursos/livros/Agile Project Management with Scrum - Autor (Ken Schwaber).pdf	187				9629192	pdftk 1.12 - www.pdftk.com	Agile Project Management with Scrum	Ken Schwaber
04-Recursos/livros/Agile Retrospectives - Making Good Teams Great (Pragmatic Programmers) - Autor (Esther Derby).pdf	181	 		 	1375976		Agile Retrospectives - Making Good Teams Great (Pragmatic Programmers)	Esther Derby
04-Recursos/livros/Algoritmos - Teoria e Prática - Autor (Thomas Cormen).pdf	1042	Algoritmos 	Thomas Cormen 		66474989	calibre 2.70.0 [https://calibre-ebook.com]	Algoritmos - Teoria e Prática	Thomas Cormen
04-Recursos/livros/Amazon AWS - Descomplicando a computação na nuvem - Autor (Casa do Código).pdf	231				9270340		Amazon AWS - Descomplicando a computação na nuvem	Casa do Código
04-Recursos/livros/Aplicações web real time com Node-js - Autor (Casa do Código).pdf	144				2430778		Aplicações web real time com Node-js	Casa do Código
04-Recursos/livros/Apprenticeship Patterns - Guidance for the Aspiring Software Craftsman - Autor (Dave Hoover e Adewale Oshineye).pdf	165	Apprenticeship Patterns Guidance for the Aspiring Software Craftsman 	Dave Hoover, Adewale Oshineye 	O'Reilly Media, Inc. 	2899311		Apprenticeship Patterns - Guidance for the Aspiring Software Craftsman	Dave Hoover e Adewale Oshineye
04-Recursos/livros/Arquitetura Limpa - O Guia do Artesão para Estrutura e Design de Software - Autor (Robert C. Martin).pdf	489	Arquitetura Limpa (Robert C. Martin) 	Robert C. Martin 		6973658	calibre (4.13.0) [https://calibre-ebook.com]	Arquitetura Limpa - O Guia do Artesão para Estrutura e Design de Software	Robert C. Martin
04-Recursos/livros/AWS Certified Cloud Practitioner Exam - Autor (Jon Bonso and Adrian Formaran).pdf	196	 	Tutorials Dojo 		10638844	Canva	AWS Certified Cloud Practitioner Exam	Jon Bonso and Adrian Formaran
04-Recursos/livros/AWS Certified Developer Associate Exam - Autor (Jon Bonso and Adrian Formaran).pdf	385	 	Tutorials Dojo 		17815565	Adobe Acrobat Pro DC 20.13.20074	AWS Certified Developer Associate Exam	Jon Bonso and Adrian Formaran
04-Recursos/livros/AWS Certified DevOps Engineer - Professional Certification and Beyond - Autor (Adam Book).pdf	638				15438102	Adobe InDesign 16.2 (Windows)	AWS Certified DevOps Engineer - Professional Certification and Beyond	Adam Book
04-Recursos/livros/AWS Certified DevOps Professional Engineer - Autor (Jon Bonso and Kenneth Samonte).pdf	295	 	Tutorials Dojo 		11833130	Acrobat Pro DC 20.13.20074	AWS Certified DevOps Professional Engineer	Jon Bonso and Kenneth Samonte
04-Recursos/livros/AWS Certified Security Specialty Exam - Autor (Jon Bonso and Carlo Acebedo).pdf	307	 	Tutorials Dojo 		12452593	Acrobat Pro DC 20.13.20074	AWS Certified Security Specialty Exam	Jon Bonso and Carlo Acebedo
04-Recursos/livros/AWS Certified Solutions Architect Associate SAA-C03 - Autor (Jon Bonso).pdf	288	 			17180507	Adobe Acrobat Pro DC (32-bit) 22.2.20191	AWS Certified Solutions Architect Associate SAA-C03	Jon Bonso
04-Recursos/livros/AWS Certified Solutions Architect Professional - Autor (Jon Bonso and Adrian Formaran).pdf	238	 	Tutorials Dojo 		7611447	Canva	AWS Certified Solutions Architect Professional	Jon Bonso and Adrian Formaran
04-Recursos/livros/AWS Certified SysOps Administrator Associate Version 2 - Autor (Jon Bonso and Lervin John Obando).pdf	228	 	Tutorials Dojo 		20461293	Adobe Acrobat Pro DC (32-bit) 21.5.20060	AWS Certified SysOps Administrator Associate Version 2	Jon Bonso and Lervin John Obando
04-Recursos/livros/AWS For Beginners - The ultimate guide to the fundamentals of aws - Autor (Steve M Burnett).pdf	62	AWS FOR BEGINNERS THE ULTIMATE GUIDE TO THE FUNDAMENTALS OF AWS 	BURNETT, STEVE 		8300253	calibre (5.17.0) [https://calibre-ebook.com]	AWS For Beginners - The ultimate guide to the fundamentals of aws	Steve M Burnett
04-Recursos/livros/AWS for Non-Engineers - Autor (Hiroko Nishimura).pdf	174	AWS for Non-Engineers 	Hiroko Nishimura 		10923125	FrameMaker 16.0.4(Foxit Advanced PDF Editor)	AWS for Non-Engineers	Hiroko Nishimura
04-Recursos/livros/Azure - Coloque suas plataformas e serviços no cloud - Autor (Casa do Código).pdf	176	Azure Coloque suas plataformas e serviços no cloud 	Thiago Custódio 		8916850	undefined	Azure - Coloque suas plataformas e serviços no cloud	Casa do Código
04-Recursos/livros/BDD in Action - Behavior-Driven Development for the Whole Software Lifecycle - Autor (John Ferguson Smart).pdf	385	BDD in Action 	John Ferguson Smart 	Behavior-Driven Development for the whole software lifecycle 	13230774	FrameMaker 8.0	BDD in Action - Behavior-Driven Development for the Whole Software Lifecycle	John Ferguson Smart
04-Recursos/livros/Big Data - Técnicas e tecnologias para extração de valor dos dados - Autor (Casa do Código).pdf	263	Big Data técnicas e tecnologias para extração de valor dos dados 	Rosângela Fátima Pereira 		5386606	undefined	Big Data - Técnicas e tecnologias para extração de valor dos dados	Casa do Código
04-Recursos/livros/Business Intelligence - Implementar do jeito certo e a custo zero - Autor (Casa do Código).pdf	210				8160147		Business Intelligence - Implementar do jeito certo e a custo zero	Casa do Código
04-Recursos/livros/But How Do It Know - The Basic Principles of Computers for Everyone - Author (J. Clark Scott).pdf	266	But How Do It Know? - The Basic Principles of Computers for Everyone 	Scott, J Clark 		2505559	calibre (0.9.42) [http://calibre-ebook.com]	But How Do It Know - The Basic Principles of Computers for Everyone - Author (J. Clark Scott)$	J. Clark Scott
04-Recursos/livros/Caixa de Ferramentas DevOps - Um Guia para Construção, Administração e Arquitetura de Sistemas Modernos - Autor (Casa do Código).pdf	175				1823170		Caixa de Ferramentas DevOps - Um Guia para Construção, Administração e Arquitetura de Sistemas Modernos	Casa do Código
04-Recursos/livros/Canivete suico do desenvolvedor Node - Autor (Casa do Código).pdf	93				1548722		Canivete suico do desenvolvedor Node	Casa do Código
04-Recursos/livros/Clean Agile - Back to Basics - Autor (Robert Martin).pdf	235				2839427		Clean Agile - Back to Basics	Robert Martin
04-Recursos/livros/Clean Coder, The - A Code of Conduct for Professional Programmers - Autor (Robert C. Martin).pdf	247	The Clean Coder 	Robert C. Martin 		4361807	Acrobat pictwpstops filter 1.0	Clean Coder, The - A Code of Conduct for Professional Programmers	Robert C. Martin
04-Recursos/livros/Coaching Agile Teams - A Companion for ScrumMasters, Agile Coaches, and Project Managers in Transition - Autor (Adkins Lyssa).pdf	347	0321660404.pdf 			9994930	Adobe InDesign CS3 (5.0.4)	Coaching Agile Teams - A Companion for ScrumMasters, Agile Coaches, and Project Managers in Transition	Adkins Lyssa
04-Recursos/livros/Código limpo - Habilidades práticas do Agile Software - Autor (Robert C. Martin).pdf	398	Dreamweaver cs4 - Completo em portugues 		New Subject 	68267552	JPG To PDF Converter	Código limpo - Habilidades práticas do Agile Software	Robert C. Martin
04-Recursos/livros/Começando com o Linux - Comandos, serviços e administração - Autor (Casa do Código).pdf	138				4462098		Começando com o Linux - Comandos, serviços e administração	Casa do Código
04-Recursos/livros/Como Melhorar o Desempenho da Sua Equipe de Desenvolvimento - Autor(Software House).pdf	89	Ebook - Como Melhorar o Desempenho da Sua Equipe de Desenvolvimento 			1336439		Como Melhorar o Desempenho da Sua Equipe de Desenvolvimento	Software House
04-Recursos/livros/Como mentir com estatística - Auto (Darrell-Heff).pdf	168	Como mentir com estatística 	Darrell Heff 		4391744	calibre (2.50.1) [http://calibre-ebook.com]	Como mentir com estatística	
04-Recursos/livros/Como ser um Programador Melhor - um Manual Para Programadores que se Importam com Código - Autor (Pete Goodliffe).pdf	458	Como ser um programador melhor 	Pete Goodliffe 		7388377	calibre (5.39.1) [https://calibre-ebook.com]	Como ser um Programador Melhor - um Manual Para Programadores que se Importam com Código	Pete Goodliffe
04-Recursos/livros/Comunicação de Dados e Redes de Computadores - Autor (Behrouz A. Forouzan).pdf	1145	Comunicação de Dados e Redes de Computadores 	Behrouz A. Forouzan 		18583011		Comunicação de Dados e Redes de Computadores	Behrouz A. Forouzan
04-Recursos/livros/Construindo API REST com Node JS - Autor (Casa do Código).pdf	186				8846139		Construindo API REST com Node JS	Casa do Código
04-Recursos/livros/Containers com Docker - Do desenvolvimento à produção - Autor (Casa do Código).pdf	124	Microsoft Word - containers-com-docker-do-desenvolvimento-a-producao.docx 	Fabyo 		7479651		Containers com Docker - Do desenvolvimento à produção	Casa do Código
04-Recursos/livros/Controlando Versões com Git e GitHub - Autor (Casa do Código).pdf	209				2000052		Controlando Versões com Git e GitHub	Casa do Código
04-Recursos/livros/Cracking the Coding Interview - 189 Programming Questions and Solutions - Author (Gayle Laakmann McDowell).pdf	712	Cracking the Coding Interview, 6th Edition 189 Programming Questions and Solutions 	Gayle Laakmann McDowell 		7191797		Cracking the Coding Interview - 189 Programming Questions and Solutions - Author (Gayle Laakmann McDowell)$	Gayle Laakmann McDowell
04-Recursos/livros/Crystal Clear - A Human-Powered Methodology for Small Teams - Autor (Alistair Cockburn).pdf	396	Crystal Clear A Human-Powered Methodology for Small Teams @Team LiB 	Unknown 		9027585	Chromium	Crystal Clear - A Human-Powered Methodology for Small Teams	Alistair Cockburn
04-Recursos/livros/CSS Eficiente - Técnicas e ferramentas que fazem a diferença nos seus estilos - Autor (Casa do Código).pdf	136	 	 	 	5844167	LaTeX with hyperref package	CSS Eficiente - Técnicas e ferramentas que fazem a diferença nos seus estilos	Casa do Código
04-Recursos/livros/Desconstruindo a Web - As Tecnologias por Trás de uma Requisição - Autor (Casa do Código).pdf	250	Desconstruindo a web As tecnologias por trás de uma requisição 	Willian Molinari 		12244060	undefined	Desconstruindo a Web - As Tecnologias por Trás de uma Requisição	Casa do Código
04-Recursos/livros/DevOps na Prática - Entrega de Software Confiável e Automatizada - Autor (Casa do Código).pdf	262				2075533		DevOps na Prática - Entrega de Software Confiável e Automatizada	Casa do Código
04-Recursos/livros/Direto ao Ponto - Criando produtos de forma enxuta - Autor (Casa do Código).pdf	187				4111630		Direto ao Ponto - Criando produtos de forma enxuta	Casa do Código
04-Recursos/livros/Domain Driven Design Rapido - Autor (Eric Evans).pdf	106				1214654		Domain Driven Design Rapido	Eric Evans
04-Recursos/livros/Domain-Driven Design Referência - Sumário de Padrões e Definições - Autor (Eric Evans).pdf	62				383907	Writer	Domain-Driven Design Referência - Sumário de Padrões e Definições	Eric Evans
04-Recursos/livros/DSL - Quebre a barreira entre desenvolvimento e negócios - Autor (Casa do Código).pdf	184				982355		DSL - Quebre a barreira entre desenvolvimento e negócios	Casa do Código
04-Recursos/livros/Entendendo Algoritmos - Um Guia Ilustrado Para Programadores e Outros Curiosos - Autor (Aditya Y. Bhargava).pdf	354	Entendendo Algoritmos 	Aditya Y. Bhargava 		12459232	calibre (5.28.0) [https://calibre-ebook.com]	Entendendo Algoritmos - Um Guia Ilustrado Para Programadores e Outros Curiosos	Aditya Y. Bhargava
04-Recursos/livros/Entrega Contínua - Como Entregar Software de Forma Rápida e Confiável - Auto (Jez Humble).pdf	486	Iniciais_eletronico.indd 	Imac 		10444281	Acrobat 9.5.5 	Entrega Contínua - Como Entregar Software de Forma Rápida e Confiável	
04-Recursos/livros/Entrega contínua em Android - Como automatizar a distribuição de apps - Autor (Casa do Código).pdf	184	Entrega contínua em Android Como automatizar a distribuição de apps 	Roger Silva 		7971971	undefined	Entrega contínua em Android - Como automatizar a distribuição de apps	Casa do Código
04-Recursos/livros/Estatistica - O que e, para que serve, como funciona .pdf	286	Estatística - O que é, para que serve, como funciona - PDFDrive.com 	Charles Wheelan 		3018839	calibre 3.42.0 [https://calibre-ebook.com]	Estatistica - O que e, para que serve, como funciona $	
04-Recursos/livros/Expressões Regulares - uma abordagem divertida - Autor (Aurelio Marinho).pdf	220	 			4011573	Adobe Acrobat Pro 11.0.6	Expressões Regulares - uma abordagem divertida	Aurelio Marinho
04-Recursos/livros/eXtreme Programming - Práticas para o dia a dia no desenvolvimento ágil de software - Autor (Casa do Código).pdf	161				911102		eXtreme Programming - Práticas para o dia a dia no desenvolvimento ágil de software	Casa do Código
04-Recursos/livros/Extreme Programming Explained - Embrace Change - Autor (Kent Beck).pdf	207	Extreme Programming - *ISBN 3-8273-2139-5* - © 2000-2005 by Addison-Wesley Verlag <STD> 	Kent Beck 	Programmierung, Management, Strategie, Design, Entwicklung, Planung, Arbeitsumgebung, Software 	1511882		Extreme Programming Explained - Embrace Change	Kent Beck
04-Recursos/livros/Fragmentos de um programador - Artigos e insights da carreira de um profissional - Autor (Casa do Código).pdf	150				4107917		Fragmentos de um programador - Artigos e insights da carreira de um profissional	Casa do Código
04-Recursos/livros/Gestão de produtos - Como aumentar as chances de sucesso do seu software - Autor (Casa do Código).pdf	425				3720902		Gestão de produtos - Como aumentar as chances de sucesso do seu software	Casa do Código
04-Recursos/livros/Google Android - crie aplicações para celulares e tablets - Autor (Casa do Código).pdf	313				4666739		Google Android - crie aplicações para celulares e tablets	Casa do Código
04-Recursos/livros/Guia da Startup - Como Startups e Empresas Estabelecidas Podem Criar Produtos Web Rentáveis - Autor (Casa do Código).pdf	271				5505074		Guia da Startup - Como Startups e Empresas Estabelecidas Podem Criar Produtos Web Rentáveis	Casa do Código
04-Recursos/livros/Guia do Mestre Programador - Pensando como pirata, evoluindo como jedi - Autor (Casa do Código).pdf	246	Guia do Mestre Programador 	Carlos Bueno & Paulo Jesus 		2028847	Writer	Guia do Mestre Programador - Pensando como pirata, evoluindo como jedi	Casa do Código
04-Recursos/livros/Guia prático de TypeScript - Melhore suas aplicações JavaScript - Autor (Casa do Código).pdf	178				1666957		Guia prático de TypeScript - Melhore suas aplicações JavaScript	Casa do Código
04-Recursos/livros/Guia prático do servidor Linux - Administração Linux para iniciantes - Autor (Casa do Código).pdf	151				654720		Guia prático do servidor Linux - Administração Linux para iniciantes	Casa do Código
04-Recursos/livros/HTML5 e CSS3 - domine a web do futuro - Autor (Casa do Código).pdf	204				6792233		HTML5 e CSS3 - domine a web do futuro	Casa do Código
04-Recursos/livros/Introdução à arquitetura de design de software - Autor (Paulo Silveira).pdf	265				3240009		Introdução à arquitetura de design de software	Paulo Silveira
04-Recursos/livros/Introdução a data science - Algoritmos de machine learning e métodos de análise - Autor (Casa do Código).pdf	325	Introdução a Data Science Algoritmos de Machine Learning e Métodos de Análise 	Tatiana Escovedo & Adriano Koshiyama 		8586436	calibre (4.99.5) [http://calibre-ebook.com]	Introdução a data science - Algoritmos de machine learning e métodos de análise	Casa do Código
04-Recursos/livros/Introdução e boas práticas em UX Design - Autor (Casa do Código).pdf	225				3602094		Introdução e boas práticas em UX Design	Casa do Código
04-Recursos/livros/Jenkins - Automatize Tudo sem Complicações - Autor (Casa do Código).pdf	149	Jenkins Automatize tudo sem complicações 	Fernando Boaglio 		7310476	undefined	Jenkins	Casa do Código
04-Recursos/livros/Kubernetes - Tudo sobre orquestração de contêineres - Autor (Casa do Código).pdf	349				3657509		Kubernetes - Tudo sobre orquestração de contêineres	Casa do Código
04-Recursos/livros/LEAN ENTERPRISE - Como empresas de alta performance inovam em escala - Autor (Casa do Código).pdf	487	Lean Enterprise 	Jez Humble, Joanne Molesky & Barry O'Reilly 		15976562	undefined	LEAN ENTERPRISE - Como empresas de alta performance inovam em escala	Casa do Código
04-Recursos/livros/Learning 3.0 - Como os profissionais criativos aprendem - Autor (Casa do Código).pdf	215				1127037		Learning 3.0 - Como os profissionais criativos aprendem	Casa do Código
04-Recursos/livros/Managing For Happiness - Autor (Jurgen Appelo).pdf	826	Managing For Happiness 	Jurgen Appelo 		13545872	calibre (3.48.0) [https://calibre-ebook.com]	Managing For Happiness	Jurgen Appelo
04-Recursos/livros/Métricas ágeis - Obtenha melhores resultados em sua equipe - Autor (Casa do Código).pdf	192				7349081		Métricas ágeis - Obtenha melhores resultados em sua equipe	Casa do Código
04-Recursos/livros/MongoDB - Construa Novas Aplicações com Novas Tecnologias - Autor (Casa do Código).pdf	204				6416890		MongoDB - Construa Novas Aplicações com Novas Tecnologias	Casa do Código
04-Recursos/livros/More Agile Testing - Learning Journeys for the Whole Team - Autor (Lisa Crispin).pdf	536	More Agile Testing 	Janet Gregory,Lisa Crispin 		31912294	Adobe InDesign CS4 (6.0.6)	More Agile Testing - Learning Journeys for the Whole Team	Lisa Crispin
04-Recursos/livros/NoSQL - Como armazenar os dados de uma aplicação moderna - Autor (Casa do Código).pdf	187	NoSQL Como armazenar os dados de uma aplicação moderna 	David Paniz 	 	4538390	Casa do Código	NoSQL - Como armazenar os dados de uma aplicação moderna	Casa do Código
04-Recursos/livros/O Ego É Seu Inimigo. Como Dominar Seu Pior Adversário - Autor (Ryan Holiday).pdf	127	O ego é seu inimigo 	Ryan Holiday 		1132721	calibre 2.75.1 [https://calibre-ebook.com]	O Ego É Seu Inimigo. Como Dominar Seu Pior Adversário	Ryan Holiday
04-Recursos/livros/O Programador Apaixonado - Construindo uma Carreira Notável em Desenvolvimento de Software - Autor (Casa do Código).pdf	234				1230509		O Programador Apaixonado - Construindo uma Carreira Notável em Desenvolvimento de Software	Casa do Código
04-Recursos/livros/O Programador Pragmático - Autor (Andrew Hunt e David Thomas).pdf	348				1393258		O Programador Pragmático	Andrew Hunt e David Thomas
04-Recursos/livros/Oauth 2.0 Proteja Suas Aplicacoes Com O Spring Security Oauth2 - Autor (Casa do Código).pdf	343				4713327		Oauth 2.0 Proteja Suas Aplicacoes Com O Spring Security Oauth2	Casa do Código
04-Recursos/livros/Padrões de Projetos - Soluções Reutilizáveis de Software Orientados a Objetos - Autor (Erich Gamma).pdf	360	 	 	 	5480257		Padrões de Projetos - Soluções Reutilizáveis de Software Orientados a Objetos	Erich Gamma
04-Recursos/livros/Por que Os Generalistas Vencem Em um Mundo de Especialistas - Autor(David Epstein).pdf	418	Por que os generalistas vencem em um mundo de especialistas 	David Epstein 		2683783	calibre (4.17.0) [https://calibre-ebook.com]	Por que Os Generalistas Vencem Em um Mundo de Especialistas	David Epstein
04-Recursos/livros/Princípios de Design e Padrões de Projeto - Autor (Robert C. Martin).pdf	39				776455	Writer	Princípios de Design e Padrões de Projeto	Robert C. Martin
04-Recursos/livros/Progressive web apps - Construa aplicações progressivas com React - Autor (Casa do Código).pdf	454				5259574		Progressive web apps - Construa aplicações progressivas com React	Casa do Código
04-Recursos/livros/Range - Why Generalists Triumph in a Specialized World - Autor(David Epstein).pdf	333	Range Why Generalists Triumph in a Specialized World 	David Epstein 		3129839	calibre (4.99.4) [http://calibre-ebook.com]	Range - Why Generalists Triumph in a Specialized World	David Epstein
04-Recursos/livros/Real-World Kanban - Do Less, Accomplish More with Lean Thinking - Autor (Mattias Skarin).pdf	133	Real-World Kanban 	Mattias Skarin 		10703275	Pragmatic Bookshelf	Real-World Kanban - Do Less, Accomplish More with Lean Thinking	Mattias Skarin
04-Recursos/livros/Refatoração - Aperfeiçoando o Design de Códigos Existentes - Autor (Martin Fowler).pdf	480	Refatoração 	Fowler, Martin 		2785860	calibre 3.48.0 [https://calibre-ebook.com]	Refatoração - Aperfeiçoando o Design de Códigos Existentes	Martin Fowler
04-Recursos/livros/REST - Construa API's inteligentes de maneira simples - Autor (Casa do Código).pdf	107	 	 	 	5751274	LaTeX with hyperref package(Foxit Advanced PDF Editor)	REST - Construa API's inteligentes de maneira simples	Casa do Código
04-Recursos/livros/Scrum - Gestão ágil para projetos de sucesso - Autor (Casa do Código).pdf	355				6897020		Scrum - Gestão ágil para projetos de sucesso	Casa do Código
04-Recursos/livros/Scrum 360 - Um guia completo e prático de agilidade - Autor (Casa do Código).pdf	166				926035		Scrum 360 - Um guia completo e prático de agilidade	Casa do Código
04-Recursos/livros/Secrets of a Buccaneer-Scholar - How Self-Education and the Pursuit of Passion Can Lead to a Lifetime of Success - Autor (James Marcus Bach).pdf	214	Secrets of a buccaneer-scholar  how self-education and the pursuit of happiness can lead to a lifetime of success 	Bach, James 		22099141	Internet Archive	Secrets of a Buccaneer-Scholar - How Self-Education and the Pursuit of Passion Can Lead to a Lifetime of Success	James Marcus Bach
04-Recursos/livros/SEO Prático - Seu Site na Primeira Página das Buscas - Autor (Casa do Código).pdf	170				3341234		SEO Prático - Seu Site na Primeira Página das Buscas	Casa do Código
04-Recursos/livros/SOA Aplicado - Integrando com web services e além - Autor (Casa do Código).pdf	286				6073745		SOA Aplicado - Integrando com web services e além	Casa do Código
04-Recursos/livros/Soft Skills - The Software Developer's Life Manual - Autor (John Sonmez).pdf	506	 		www.it-ebooks.info 	13957472	www.it-ebooks.info	Soft Skills - The Software Developer's Life Manual	John Sonmez
04-Recursos/livros/Sprint - Autor (Jake Knapp).pdf	206	Sprint 	Jake Knapp & John Zeratsky & Braden Kowitz 		4314059	calibre 2.75.1 [https://calibre-ebook.com]	Sprint	Jake Knapp
04-Recursos/livros/TDD - Desenvolvimento Guiado por Testes - Autor (Ken Beck).pdf	215	TDD Desenvolvimento Guiado por Testes 	Kent Beck 		1194066		TDD - Desenvolvimento Guiado por Testes	Ken Beck
04-Recursos/livros/Test-Driven Development - Teste e Design no Mundo Real - Autor (Casa do Código).pdf	166				1420067		Test-Driven Development - Teste e Design no Mundo Real	Casa do Código
04-Recursos/livros/Testes Automatizados de Software - Um Guia Prático - Autor (Casa do Código).pdf	166				902608		Testes Automatizados de Software - Um Guia Prático	Casa do Código
04-Recursos/livros/The Cambridge Handbook of the Learning Sciences - Autor(R. Keith Sawyer).pdf	802	Cambridge Handbook of the Learning Sciences 	Sawyer, R. Keith; 		29459034	Adobe InDesign CS3 (5.0.4)	The Cambridge Handbook of the Learning Sciences	R. Keith Sawyer
04-Recursos/livros/The Mythical Man-Month Essays On Software Engineering - Author (Frederick P. Brooks).pdf	212	The Mythical Man Month 	Frederick Brooks 		11446957	Digitized by the Internet Archive	The Mythical Man-Month Essays On Software Engineering - Author (Frederick P. Brooks)$	Frederick P. Brooks
04-Recursos/livros/The Passionate Programmer - Creating a Remarkable Career in Software Development - Autor (Chad Fowler).pdf	218	The Passionate Programmer 	Chad Fowler 	 	1219895	The Pragmatic Bookshelf	The Passionate Programmer - Creating a Remarkable Career in Software Development	Chad Fowler
04-Recursos/livros/The Software Craftsman - Professionalism, Pragmatism, Pride - Autor (Sandro Mancuso).pdf	112	The Software Craftsman Professionalism, Pragmatism, Pride (Robert C. Martin Series) 	Sandro Mancuso 	 	893234	calibre 3.20.0 [https://calibre-ebook.com]	The Software Craftsman - Professionalism, Pragmatism, Pride	Sandro Mancuso
04-Recursos/livros/ThoughtWorks Antologia Brasil - Histórias de aprendizado e inovação - Autor (Casa do Código).pdf	281				7409577		ThoughtWorks Antologia Brasil - Histórias de aprendizado e inovação	Casa do Código
04-Recursos/livros/Trabalho Eficaz com Código Legado - Autor (Michael C. Feathers).pdf	408	Trabalho Eficaz com Código Legado 	Michael C. Feathers 	compress PDF online -> avepdf.com 	24939590	gscan2pdf v2.8.2	Trabalho Eficaz com Código Legado	Michael C. Feathers
04-Recursos/livros/UX e Usabilidade Aplicados em Mobile e Web - Autor (Caelum).pdf	165	UX e Usabilidade aplicados em Mobile e Web 	Caelum 		13521597	undefined	UX e Usabilidade Aplicados em Mobile e Web	Caelum
04-Recursos/livros/Web Design Responsivo - Páginas adaptáveis para todos os dispositivos - Autor (Casa do Código).pdf	148				4661893		Web Design Responsivo - Páginas adaptáveis para todos os dispositivos	Casa do Código
